# Samples,  Aspect Ratio,  Area,  Rect Area, Extent,  Solidity,  H0,  H1, H2, H3, H4, Goal
1.00000,1.23060,0.06431,0.86245,0.07457,0.11090,0.01140,0.05713,0.20476,0.50672,0.21998,1.00000
2.00000,1.21569,0.00472,0.01029,0.45825,0.92647,0.00000,0.00000,0.00000,0.05218,0.94782,0.00000
3.00000,1.18182,0.00262,0.00745,0.35162,0.62340,0.00000,0.00656,0.05900,0.11407,0.82037,0.00000
4.00000,0.28986,0.00106,0.00449,0.23659,0.73952,0.00000,0.00000,0.07971,0.35652,0.56377,0.00000
5.00000,2.11111,0.00099,0.00223,0.44664,0.70636,0.00000,0.00000,0.01754,0.04971,0.93275,0.00000
6.00000,0.36826,0.09947,0.13373,0.74384,0.89375,0.00000,0.00019,0.00234,0.00421,0.99326,0.00000
7.00000,1.11321,0.03243,0.36645,0.08851,0.19378,0.02482,0.07484,0.12320,0.50155,0.27559,1.00000
8.00000,0.22634,0.01408,0.04351,0.32372,0.69042,0.00000,0.00000,0.00000,0.00262,0.99738,0.00000
9.00000,0.39024,0.00382,0.00854,0.44722,0.68286,0.00000,0.00000,0.01372,0.01715,0.96913,0.00000
10.00000,2.00000,0.00118,0.00235,0.50346,0.77588,0.00000,0.00000,0.01385,0.05817,0.92798,0.00000
11.00000,1.13735,0.58137,0.63763,0.91176,0.95601,0.00000,0.00025,0.00843,0.02530,0.96603,0.00000
12.00000,0.51724,0.00510,0.01274,0.40038,0.81747,0.00000,0.00000,0.00000,0.01252,0.98748,0.00000
13.00000,0.36364,0.00015,0.00057,0.26705,0.48958,0.00000,0.00000,0.00000,0.00000,1.00000,0.00000
14.00000,0.57143,0.00002,0.00009,0.26786,0.83333,0.00000,0.00000,0.00000,0.00000,1.00000,0.00000
15.00000,2.00000,0.00002,0.00006,0.38889,1.00000,0.00000,0.00000,0.00000,0.00000,1.00000,0.00000
16.00000,0.75303,0.02929,0.41811,0.07005,0.15963,0.00058,0.03088,0.10190,0.55316,0.31349,1.00000
17.00000,0.52344,0.01013,0.02792,0.36281,0.61347,0.00000,0.00198,0.00746,0.23566,0.75490,0.00000
18.00000,1.22000,0.00452,0.00993,0.45557,0.92418,0.00000,0.00000,0.00000,0.06262,0.93738,0.00000
19.00000,1.41176,0.00247,0.00531,0.46477,0.74914,0.00000,0.00000,0.01225,0.07721,0.91054,0.00000
20.00000,2.10000,0.00110,0.00273,0.40119,0.75901,0.00000,0.00000,0.00000,0.00000,1.00000,0.00000
21.00000,0.28211,0.12896,0.17457,0.73871,0.84343,0.00000,0.00017,0.01005,0.02568,0.96410,0.00000
22.00000,0.88219,0.03417,0.38258,0.08931,0.17891,0.00721,0.07638,0.12899,0.49992,0.28750,1.00000
23.00000,0.36905,0.00423,0.00848,0.49885,0.72916,0.00000,0.00000,0.00000,0.00154,0.99846,0.00000
24.00000,0.59184,0.00203,0.00463,0.43807,0.84350,0.00000,0.00000,0.00000,0.01407,0.98593,0.00000
25.00000,1.90476,0.00129,0.00273,0.47083,0.74482,0.00000,0.00000,0.00000,0.05476,0.94524,0.00000
26.00000,1.50423,0.06430,0.61709,0.10419,0.10995,0.00751,0.05825,0.13302,0.48071,0.32051,1.00000
27.00000,1.05882,0.00469,0.00896,0.52360,0.95750,0.00000,0.00000,0.00000,0.00000,1.00000,0.00000
28.00000,1.12766,0.00412,0.00811,0.50843,0.76851,0.00000,0.01164,0.05982,0.12726,0.80128,0.00000
29.00000,1.56667,0.00146,0.00459,0.31773,0.70774,0.00000,0.00000,0.00000,0.00000,1.00000,0.00000
30.00000,0.12162,0.00145,0.00217,0.66892,0.85263,0.00000,0.00000,0.00000,0.10210,0.89790,0.00000
31.00000,0.19865,0.03321,0.05704,0.58229,0.83824,0.00000,0.03104,0.01324,0.01467,0.94105,0.00000
32.00000,0.90808,0.03012,0.38097,0.07905,0.16402,0.00089,0.04146,0.10076,0.51348,0.34341,1.00000
33.00000,0.13732,0.02930,0.03605,0.81275,0.95542,0.00000,0.07006,0.03729,0.03214,0.86051,0.00000
34.00000,0.29545,0.01121,0.01676,0.66871,0.75452,0.00000,0.00000,0.00000,0.06974,0.93026,0.00000
35.00000,1.05882,0.00439,0.00896,0.48947,0.94530,0.00000,0.00000,0.00000,0.00000,1.00000,0.00000
36.00000,1.56173,0.03830,0.53367,0.07177,0.14742,0.00684,0.03064,0.11638,0.56255,0.28358,1.00000
37.00000,0.46980,0.01439,0.03395,0.42392,0.72170,0.00000,0.00029,0.01035,0.32081,0.66855,0.00000
38.00000,1.00000,0.00453,0.00914,0.49555,0.94630,0.00000,0.00000,0.00000,0.05910,0.94090,0.00000
39.00000,0.89091,0.00378,0.00877,0.43043,0.71649,0.00000,0.03043,0.08794,0.10946,0.77217,0.00000
40.00000,0.28571,0.00172,0.00551,0.31139,0.70663,0.00000,0.00177,0.11629,0.41617,0.46576,0.00000
41.00000,1.26802,0.06532,0.81371,0.08027,0.11117,0.00774,0.05318,0.21128,0.48445,0.24334,1.00000
42.00000,0.20548,0.00742,0.01426,0.52021,0.96018,0.00000,0.00000,0.01027,0.40023,0.58950,0.00000
43.00000,0.98148,0.00451,0.00932,0.48393,0.94154,0.00000,0.00000,0.00000,0.05800,0.94200,0.00000
44.00000,0.79365,0.00433,0.01025,0.42270,0.78857,0.00000,0.05079,0.10444,0.09302,0.75175,0.00000
45.00000,0.29167,0.00150,0.00492,0.30489,0.74595,0.00000,0.00132,0.08201,0.45701,0.45966,0.00000
46.00000,0.78519,0.03290,0.41924,0.07848,0.16849,0.01159,0.07051,0.16472,0.51981,0.23337,1.00000
47.00000,0.35404,0.01049,0.02987,0.35131,0.78769,0.00000,0.00131,0.00294,0.03138,0.96437,0.00000
48.00000,1.01587,0.00576,0.01312,0.43924,0.93728,0.00000,0.00000,0.00000,0.08259,0.91741,0.00000
49.00000,0.24503,0.00509,0.01819,0.27967,0.65322,0.00000,0.00000,0.00000,0.00000,1.00000,0.00000
50.00000,0.32500,0.00309,0.00677,0.45601,0.84537,0.00000,0.00000,0.01298,0.05577,0.93125,0.00000
51.00000,1.17342,0.07497,0.75301,0.09957,0.12581,0.00273,0.04856,0.06266,0.61879,0.26727,1.00000
52.00000,1.61111,0.01348,0.02719,0.49569,0.79707,0.00000,0.00000,0.00000,0.04274,0.95726,0.00000
53.00000,1.26866,0.00799,0.01854,0.43082,0.69504,0.00246,0.06708,0.09219,0.11905,0.71923,0.00000
54.00000,0.12222,0.00772,0.01289,0.59912,0.79374,0.00000,0.00000,0.00000,0.03763,0.96237,0.00000
55.00000,2.40476,0.00608,0.01381,0.44059,0.81866,0.00000,0.00000,0.00000,0.00000,1.00000,0.00000
56.00000,1.30504,0.11644,0.60379,0.19285,0.36861,0.00081,0.02823,0.06002,0.52889,0.38206,1.00000
57.00000,1.81481,0.00236,0.00431,0.54686,0.82356,0.00000,0.00000,0.01134,0.14437,0.84429,0.00000
58.00000,0.96875,0.00086,0.00323,0.26512,0.46262,0.00000,0.00000,0.01008,0.45060,0.53931,0.00000
59.00000,1.60000,0.00076,0.00208,0.36641,0.68367,0.00000,0.01719,0.16719,0.10781,0.70781,0.00000
60.00000,0.44444,0.00068,0.00105,0.64352,0.93289,0.00000,0.00000,0.01543,0.13580,0.84877,0.00000
61.00000,0.36236,0.08533,0.14949,0.57079,0.76163,0.00000,0.01152,0.06369,0.13788,0.78691,0.00000
62.00000,1.05479,0.05816,0.65871,0.08830,0.13672,0.00122,0.04410,0.08624,0.49705,0.37139,1.00000
63.00000,2.70769,0.02815,0.03724,0.75599,0.92701,0.00000,0.00000,0.00000,0.00000,1.00000,0.00000
64.00000,1.12745,0.01879,0.03818,0.49207,0.79085,0.00000,0.03529,0.10622,0.10887,0.74962,0.00000
65.00000,1.33654,0.01779,0.04706,0.37801,0.65865,0.00000,0.00000,0.00000,0.02753,0.97247,0.00000
66.00000,0.62500,0.26799,0.46875,0.57170,0.73625,0.00000,0.02009,0.05153,0.08539,0.84299,0.00000
67.00000,0.38320,0.08497,0.18107,0.46928,0.74230,0.00000,0.03117,0.06995,0.15829,0.74059,0.00000
68.00000,0.65525,0.03125,0.40920,0.07636,0.19106,0.00146,0.04406,0.08212,0.64174,0.23063,1.00000
69.00000,0.19767,0.00311,0.00476,0.65287,0.89206,0.00000,0.03420,0.10465,0.10739,0.75376,0.00000
70.00000,1.12500,0.00055,0.00094,0.58507,0.94398,0.00000,0.00000,0.00000,0.01042,0.98958,0.00000
71.00000,0.46667,0.22423,0.35000,0.64066,0.75201,0.00000,0.02840,0.06565,0.10283,0.80312,0.00000
72.00000,0.35864,0.08115,0.17036,0.47637,0.75773,0.00000,0.03718,0.07945,0.16951,0.71386,0.00000
73.00000,0.66744,0.03098,0.40735,0.07606,0.18894,0.00130,0.04287,0.08249,0.62101,0.25233,1.00000
74.00000,0.18627,0.00337,0.00631,0.53406,0.86611,0.00000,0.12229,0.13467,0.11197,0.63106,0.00000
75.00000,1.21429,0.00050,0.00077,0.64076,0.95016,0.00000,0.00000,0.00000,0.06723,0.93277,0.00000
76.00000,1.13548,0.07944,0.79922,0.09939,0.12848,0.00241,0.04623,0.07687,0.49041,0.38409,1.00000
77.00000,1.83824,0.01403,0.02767,0.50694,0.83605,0.00000,0.00000,0.00000,0.00353,0.99647,0.00000
78.00000,1.14607,0.01384,0.02955,0.46844,0.77771,0.00000,0.03547,0.10520,0.11456,0.74477,0.00000
79.00000,1.70833,0.00151,0.00320,0.47104,0.75859,0.00000,0.00000,0.00000,0.07317,0.92683,0.00000
80.00000,1.76471,0.00062,0.00166,0.37549,0.61774,0.00000,0.00000,0.06863,0.20196,0.72941,0.00000
81.00000,0.90431,0.07277,0.51434,0.14147,0.27055,0.00111,0.03928,0.08114,0.50317,0.37529,1.00000
82.00000,1.28431,0.01629,0.04350,0.37461,0.63939,0.00000,0.00000,0.00000,0.00337,0.99663,0.00000
83.00000,1.75000,0.00182,0.00328,0.55407,0.84366,0.00000,0.00000,0.00000,0.07044,0.92956,0.00000
84.00000,0.20968,0.00084,0.00262,0.32010,0.56209,0.00000,0.03474,0.11911,0.29032,0.55583,0.00000
85.00000,0.90323,0.00068,0.00283,0.24194,0.40698,0.00000,0.00000,0.00461,0.32258,0.67281,0.00000
86.00000,0.21656,0.08569,0.15639,0.54795,0.70347,0.00000,0.00090,0.00685,0.04715,0.94511,0.00000
87.00000,0.67290,0.07166,0.40125,0.17859,0.28766,0.00135,0.03720,0.06910,0.40180,0.49055,1.00000
88.00000,1.98571,0.01693,0.03167,0.53448,0.83401,0.00000,0.00000,0.00000,0.01151,0.98849,0.00000
89.00000,0.15768,0.01183,0.02981,0.39692,0.64824,0.00000,0.00000,0.00000,0.02435,0.97565,0.00000
90.00000,1.66667,0.00199,0.00396,0.50247,0.82668,0.00000,0.00000,0.00000,0.12593,0.87407,0.00000
91.00000,0.41119,0.17058,0.22610,0.75444,0.81619,0.00000,0.02083,0.04846,0.07302,0.85769,0.00000
92.00000,0.23269,0.06764,0.09871,0.68522,0.88733,0.00000,0.00445,0.02915,0.07295,0.89345,0.00000
93.00000,0.71776,0.02828,0.39468,0.07166,0.17630,0.00160,0.03946,0.08730,0.62890,0.24274,1.00000
94.00000,0.26733,0.00603,0.00888,0.67913,0.88044,0.00000,0.00000,0.00440,0.17492,0.82068,0.00000
95.00000,0.13725,0.00332,0.00465,0.71429,0.88850,0.00000,0.00000,0.03011,0.10784,0.86204,0.00000
96.00000,1.14223,0.08169,0.77654,0.10519,0.12869,0.00224,0.04338,0.08685,0.46980,0.39773,1.00000
97.00000,1.80882,0.01401,0.02723,0.51459,0.82083,0.00000,0.00000,0.00000,0.00801,0.99199,0.00000
98.00000,1.05435,0.01380,0.02905,0.47496,0.77437,0.00000,0.03440,0.12394,0.12057,0.72109,0.00000
99.00000,1.53333,0.00200,0.00449,0.44493,0.80577,0.00000,0.00000,0.00000,0.13913,0.86087,0.00000
100.00000,1.93750,0.00068,0.00161,0.42238,0.68464,0.00000,0.00000,0.01815,0.25403,0.72782,0.00000
101.00000,1.12708,0.07522,0.84531,0.08899,0.12824,0.00258,0.04393,0.10441,0.46872,0.38036,1.00000
102.00000,1.24706,0.01528,0.02933,0.52087,0.79569,0.00000,0.02408,0.09179,0.11321,0.77092,0.00000
103.00000,1.28713,0.01516,0.04274,0.35468,0.64062,0.00000,0.00000,0.00000,0.01782,0.98218,0.00000
104.00000,1.79167,0.00178,0.00336,0.52907,0.79941,0.00000,0.00000,0.00000,0.05136,0.94864,0.00000
105.00000,0.71429,0.00090,0.00182,0.49107,0.72559,0.00000,0.00000,0.00000,0.00000,1.00000,0.00000
106.00000,1.21429,0.07462,0.74452,0.10023,0.13176,0.00171,0.04123,0.07757,0.48124,0.39826,1.00000
107.00000,1.27723,0.01549,0.04241,0.36515,0.64543,0.00000,0.00000,0.00000,0.00384,0.99616,0.00000
108.00000,1.25581,0.01518,0.03023,0.50194,0.77249,0.00000,0.03219,0.10336,0.11090,0.75355,0.00000
109.00000,1.58333,0.00160,0.00297,0.53728,0.85143,0.00000,0.00000,0.00000,0.06140,0.93860,0.00000
110.00000,2.00000,0.00067,0.00188,0.35381,0.68395,0.00000,0.00346,0.16090,0.10900,0.72664,0.00000
111.00000,0.99022,0.09393,0.53921,0.17420,0.34372,0.00093,0.03395,0.07089,0.51017,0.38407,1.00000
112.00000,1.80000,0.00198,0.00366,0.54044,0.84680,0.00000,0.00000,0.00000,0.05244,0.94756,0.00000
113.00000,1.20000,0.00102,0.00352,0.28935,0.51910,0.00000,0.00741,0.16481,0.21574,0.61204,0.00000
114.00000,0.44118,0.00089,0.00166,0.53333,0.90066,0.00000,0.03529,0.03529,0.18431,0.74510,0.00000
115.00000,1.00000,0.00067,0.00293,0.22778,0.40474,0.00000,0.00000,0.00222,0.35889,0.63889,0.00000
116.00000,1.13647,0.09822,0.73918,0.13288,0.19051,0.00203,0.04288,0.09758,0.47287,0.38464,1.00000
117.00000,1.78378,0.00374,0.00795,0.47052,0.72722,0.00000,0.00000,0.00000,0.00000,1.00000,0.00000
118.00000,1.87500,0.00181,0.00352,0.51435,0.80333,0.00000,0.00000,0.00000,0.05648,0.94352,0.00000
119.00000,0.35135,0.00084,0.00157,0.53950,0.77928,0.00000,0.00000,0.00000,0.00000,1.00000,0.00000
120.00000,1.73684,0.00059,0.00204,0.28788,0.63112,0.00000,0.01116,0.16746,0.08612,0.73525,0.00000
121.00000,0.35579,0.15261,0.26131,0.58402,0.67705,0.00000,0.04057,0.06858,0.08309,0.80776,0.00000
122.00000,0.39535,0.06576,0.15229,0.43181,0.86070,0.00000,0.04771,0.08909,0.13233,0.73087,0.00000
123.00000,0.64846,0.02528,0.37413,0.06757,0.16930,0.00052,0.03903,0.07273,0.54647,0.34124,1.00000
124.00000,1.03125,0.00847,0.01375,0.61589,0.92696,0.00000,0.00000,0.00000,0.08499,0.91501,0.00000
125.00000,0.27835,0.00320,0.00853,0.37495,0.85727,0.00000,0.23368,0.16342,0.13555,0.46735,0.00000
126.00000,1.01392,0.08700,0.61311,0.14191,0.26239,0.01516,0.06458,0.12841,0.45020,0.34165,1.00000
127.00000,0.26087,0.01964,0.02875,0.68303,0.88492,0.01189,0.05061,0.02049,0.15636,0.76064,0.00000
128.00000,7.50000,0.00296,0.00479,0.61837,0.83663,0.00000,0.00000,0.01361,0.05578,0.93061,0.00000
129.00000,0.22973,0.00262,0.00410,0.64070,0.79370,0.00000,0.00079,0.03339,0.15501,0.81081,0.00000
130.00000,3.00000,0.00084,0.00141,0.59606,0.80469,0.00000,0.00463,0.07407,0.08565,0.83565,0.00000
131.00000,1.40179,0.10373,0.91583,0.11326,0.21595,0.02498,0.05460,0.13615,0.50689,0.27738,1.00000
132.00000,6.27778,0.00332,0.00662,0.50123,0.82384,0.00000,0.00098,0.05851,0.07965,0.86087,0.00000
133.00000,1.81250,0.00257,0.00604,0.42538,0.78871,0.00000,0.00323,0.08244,0.20097,0.71336,0.00000
134.00000,0.27143,0.00224,0.00433,0.51805,0.80538,0.00000,0.00000,0.03233,0.29549,0.67218,0.00000
135.00000,2.57143,0.00085,0.00164,0.51786,0.79573,0.00000,0.00397,0.06944,0.07937,0.84722,0.00000
136.00000,1.40625,0.10487,0.91875,0.11414,0.21588,0.02474,0.05512,0.13610,0.50838,0.27565,1.00000
137.00000,6.27778,0.00343,0.00662,0.51868,0.83432,0.00000,0.00098,0.06146,0.09292,0.84464,0.00000
138.00000,1.83871,0.00254,0.00575,0.44086,0.80268,0.00000,0.00000,0.07018,0.19581,0.73401,0.00000
139.00000,0.25714,0.00219,0.00410,0.53452,0.80998,0.00000,0.00159,0.03413,0.27222,0.69206,0.00000
140.00000,2.57143,0.00081,0.00164,0.49206,0.72621,0.00000,0.01984,0.09127,0.07937,0.80952,0.00000
141.00000,0.48188,0.06355,0.11949,0.53182,0.74708,0.00000,0.00000,0.00736,0.02365,0.96900,0.00000
142.00000,1.00833,0.04888,0.75625,0.06464,0.16880,0.02735,0.06649,0.14282,0.59716,0.16618,1.00000
143.00000,0.71910,0.01037,0.01854,0.55908,0.89164,0.00000,0.00000,0.00000,0.00281,0.99719,0.00000
144.00000,0.45455,0.00282,0.00645,0.43712,0.68718,0.00000,0.00000,0.00000,0.03182,0.96818,0.00000
145.00000,1.69697,0.00256,0.00602,0.42614,0.82245,0.00000,0.00920,0.08658,0.19481,0.70942,0.00000
146.00000,0.40896,0.08500,0.14940,0.56894,0.78869,0.00000,0.00081,0.00922,0.03913,0.95084,0.00000
147.00000,0.74336,0.03954,0.49438,0.07998,0.18042,0.03103,0.05904,0.13840,0.59250,0.17903,1.00000
148.00000,1.17647,0.00785,0.01771,0.44320,0.80501,0.00000,0.00000,0.00000,0.00864,0.99136,0.00000
149.00000,0.43617,0.00479,0.01255,0.38207,0.75668,0.00000,0.00000,0.00000,0.02361,0.97639,0.00000
150.00000,1.84375,0.00258,0.00615,0.42055,0.83535,0.00000,0.01960,0.08739,0.21610,0.67691,0.00000
151.00000,0.22986,0.04560,0.13325,0.34218,0.92605,0.00371,0.06484,0.11875,0.41542,0.39727,0.00000
152.00000,0.29930,0.03954,0.07858,0.50323,0.75421,0.00000,0.00000,0.00037,0.01176,0.98786,0.00000
153.00000,0.12225,0.03730,0.06657,0.56027,0.86508,0.00000,0.00000,0.00142,0.01702,0.98156,0.00000
154.00000,0.68519,0.03491,0.41625,0.08387,0.19147,0.02184,0.03398,0.11555,0.42504,0.40359,1.00000
155.00000,1.34545,0.00552,0.01325,0.41634,0.76918,0.00000,0.00000,0.00000,0.00000,1.00000,0.00000
156.00000,1.07292,0.08812,0.80469,0.10951,0.14013,0.02361,0.05225,0.13560,0.49910,0.28944,1.00000
157.00000,0.28516,0.03384,0.06083,0.55635,0.72189,0.00000,0.00000,0.00043,0.01011,0.98946,0.00000
158.00000,0.10263,0.03049,0.04824,0.63209,0.83904,0.00000,0.00000,0.00216,0.00722,0.99062,0.00000
159.00000,1.09524,0.00561,0.01415,0.39637,0.76459,0.00000,0.00000,0.00000,0.00000,1.00000,0.00000
160.00000,1.84615,0.00155,0.00406,0.38141,0.72285,0.00000,0.00000,0.01042,0.20513,0.78446,0.00000
161.00000,0.95309,0.06089,0.68243,0.08923,0.17725,0.02875,0.05759,0.16299,0.53006,0.22062,1.00000
162.00000,2.04000,0.00154,0.00415,0.37176,0.71011,0.00000,0.00000,0.00392,0.22745,0.76863,0.00000
163.00000,5.00000,0.00092,0.00197,0.46860,0.71142,0.00000,0.00000,0.00000,0.01488,0.98512,0.00000
164.00000,0.37500,0.00087,0.00281,0.30845,0.71257,0.00000,0.00000,0.00000,0.00000,1.00000,0.00000
165.00000,0.68421,0.00066,0.00080,0.82186,0.96437,0.00000,0.00000,0.00000,0.00810,0.99190,0.00000
166.00000,0.22566,0.04994,0.15008,0.33275,0.49689,0.00323,0.05193,0.10652,0.44740,0.39092,0.00000
167.00000,0.19247,0.02310,0.03579,0.64553,0.89921,0.00000,0.00000,0.00000,0.00000,1.00000,0.00000
168.00000,1.34483,0.00772,0.01473,0.52398,0.77002,0.00000,0.00000,0.00000,0.00862,0.99138,0.00000
169.00000,0.52308,0.00361,0.00719,0.50226,0.76158,0.00000,0.00000,0.00679,0.05973,0.93348,0.00000
170.00000,7.50000,0.00194,0.00352,0.55139,0.83932,0.00000,0.00000,0.00093,0.00741,0.99167,0.00000
171.00000,0.39375,0.20097,0.29531,0.68054,0.82717,0.00410,0.07741,0.10782,0.05343,0.75724,0.00000
172.00000,0.18750,0.06446,0.09000,0.71622,0.90517,0.00000,0.00000,0.00000,0.00156,0.99844,0.00000
173.00000,0.23295,0.01506,0.02349,0.64094,0.89182,0.00000,0.01954,0.01774,0.10075,0.86197,0.00000
174.00000,1.40984,0.00745,0.01708,0.43614,0.74479,0.00000,0.00000,0.00000,0.02059,0.97941,0.00000
175.00000,0.10145,0.00368,0.00629,0.58514,0.88045,0.00000,0.00000,0.05021,0.18375,0.76605,0.00000
176.00000,1.44886,0.06700,0.58437,0.11465,0.12099,0.03552,0.07957,0.55310,0.20167,0.13015,1.00000
177.00000,12.80000,0.00142,0.00417,0.34023,0.50581,0.00000,0.00000,0.00000,0.22813,0.77188,0.00000
178.00000,1.95833,0.00125,0.00367,0.34087,0.56879,0.00000,0.14450,0.08245,0.32713,0.44592,0.00000
179.00000,2.35714,0.00066,0.00150,0.44156,0.70224,0.00000,0.00000,0.04762,0.24459,0.70779,0.00000
180.00000,1.92308,0.00066,0.00106,0.62000,0.88184,0.00000,0.00000,0.09538,0.14769,0.75692,0.00000
181.00000,0.47414,0.11112,0.18691,0.59451,0.77980,0.00451,0.02008,0.06177,0.30129,0.61235,0.00000
182.00000,0.41754,0.08980,0.11040,0.81343,0.91164,0.01350,0.03992,0.07035,0.03506,0.84116,0.00000
183.00000,0.91086,0.02578,0.38214,0.06747,0.15755,0.01658,0.07264,0.27524,0.55470,0.08085,1.00000
184.00000,0.12245,0.00268,0.00383,0.70111,0.90904,0.00000,0.00000,0.02636,0.14711,0.82653,0.00000
185.00000,2.76923,0.00069,0.00152,0.44979,0.71599,0.00000,0.00000,0.00000,0.11111,0.88889,0.00000
186.00000,1.20163,0.03412,0.52685,0.06476,0.14384,0.01219,0.05864,0.30929,0.50264,0.11724,1.00000
187.00000,0.12807,0.02763,0.05615,0.49209,0.92482,0.00388,0.02649,0.27213,0.15352,0.54397,0.00000
188.00000,1.15461,0.06444,0.60437,0.10663,0.12709,0.01078,0.06220,0.31236,0.47901,0.13565,1.00000
189.00000,0.31351,0.01670,0.03493,0.47801,0.75007,0.00019,0.00867,0.02302,0.06841,0.89972,0.00000
190.00000,1.93750,0.00107,0.00161,0.66028,0.95203,0.00000,0.00000,0.01613,0.16331,0.82056,0.00000
191.00000,3.30769,0.00068,0.00182,0.37299,0.66934,0.00000,0.00000,0.00000,0.13059,0.86941,0.00000
192.00000,3.00000,0.00067,0.00220,0.30370,0.48521,0.00000,0.00000,0.03704,0.20889,0.75407,0.00000
193.00000,0.11236,0.02788,0.04635,0.60137,0.90999,0.00456,0.01699,0.18715,0.14206,0.64923,0.00000
194.00000,0.73846,0.02506,0.25391,0.09870,0.19778,0.01132,0.07617,0.14812,0.64463,0.11977,1.00000
195.00000,0.36810,0.02016,0.03184,0.63313,0.85821,0.00000,0.00000,0.00348,0.03016,0.96636,0.00000
196.00000,1.86667,0.00092,0.00137,0.67024,0.94781,0.00000,0.00000,0.00000,0.13333,0.86667,0.00000
197.00000,2.81250,0.00089,0.00234,0.38125,0.52637,0.00000,0.00000,0.03611,0.24861,0.71528,0.00000
198.00000,1.23048,0.03091,0.28984,0.10666,0.12002,0.01060,0.05698,0.29660,0.50910,0.12672,1.00000
199.00000,0.64706,0.02154,0.03896,0.55289,0.76014,0.00376,0.03033,0.09726,0.15157,0.71708,0.00000
200.00000,2.50000,0.00059,0.00117,0.50556,0.73239,0.00000,0.00000,0.05000,0.21111,0.73889,0.00000
201.00000,1.75000,0.00055,0.00082,0.66667,0.96830,0.00000,0.00000,0.00397,0.13889,0.85714,0.00000
202.00000,1.00000,0.00034,0.00055,0.60947,0.95814,0.00000,0.00000,0.00000,0.13609,0.86391,0.00000
203.00000,0.27352,0.15137,0.18595,0.81400,0.96357,0.00000,0.00000,0.08432,0.05796,0.85772,0.00000
204.00000,0.99627,0.02176,0.23293,0.09344,0.17737,0.01282,0.06799,0.35245,0.45643,0.11032,1.00000
205.00000,2.06667,0.00060,0.00151,0.39462,0.61785,0.00000,0.03011,0.06452,0.25161,0.65376,0.00000
206.00000,1.33333,0.00059,0.00141,0.42245,0.70736,0.00000,0.00000,0.00000,0.32176,0.67824,0.00000
207.00000,1.66667,0.00055,0.00078,0.69792,0.95442,0.00000,0.00000,0.00000,0.10000,0.90000,0.00000
208.00000,0.74370,0.05711,0.54852,0.10412,0.19550,0.00801,0.06161,0.18111,0.61731,0.13196,1.00000
209.00000,1.66667,0.00117,0.00176,0.66481,0.93126,0.00000,0.00000,0.01111,0.15000,0.83889,0.00000
210.00000,2.50000,0.00110,0.00264,0.41543,0.58067,0.00000,0.00000,0.07901,0.20988,0.71111,0.00000
211.00000,1.00000,0.00056,0.00083,0.67188,0.97175,0.00000,0.00000,0.00000,0.11719,0.88281,0.00000
212.00000,0.76923,0.00021,0.00042,0.50385,0.81875,0.00000,0.00000,0.00769,0.24615,0.74615,0.00000
213.00000,0.38644,0.07579,0.10947,0.69233,0.90423,0.01136,0.06702,0.06447,0.03955,0.81760,0.00000
214.00000,0.34985,0.06949,0.11881,0.58489,0.83613,0.00334,0.05962,0.07370,0.14420,0.71914,0.00000
215.00000,0.92627,0.02994,0.56793,0.05272,0.13844,0.00925,0.04932,0.21559,0.61093,0.11491,1.00000
216.00000,0.68966,0.00480,0.00755,0.63556,0.83969,0.00000,0.00000,0.00000,0.00302,0.99698,0.00000
217.00000,0.11194,0.00290,0.00654,0.44279,0.89808,0.00000,0.00000,0.33333,0.10945,0.55721,0.00000
218.00000,0.36494,0.08122,0.14387,0.56455,0.81585,0.00545,0.03910,0.08173,0.15922,0.71450,0.00000
219.00000,0.13981,0.03818,0.08105,0.47108,0.94410,0.00972,0.05940,0.28524,0.10808,0.53755,0.00000
220.00000,0.98588,0.03214,0.57967,0.05545,0.14229,0.00909,0.05312,0.18555,0.60934,0.14290,1.00000
221.00000,1.00000,0.08681,0.69480,0.12494,0.15837,0.00841,0.05516,0.20346,0.56300,0.16996,1.00000
222.00000,0.36023,0.08343,0.14119,0.59090,0.83386,0.00565,0.04012,0.07993,0.15202,0.72228,0.00000
223.00000,1.05556,0.00083,0.00111,0.75000,0.98088,0.00000,0.00000,0.00000,0.31579,0.68421,0.00000
224.00000,0.70000,0.00043,0.00091,0.46786,0.91608,0.01429,0.08214,0.53571,0.36786,0.00000,0.00000
225.00000,1.40000,0.00035,0.00046,0.76429,0.98618,0.00000,0.00000,0.02143,0.39286,0.58571,0.00000
226.00000,0.37168,0.08097,0.13904,0.58234,0.83987,0.00592,0.02641,0.08047,0.16978,0.71742,0.00000
227.00000,0.12530,0.03931,0.07298,0.53872,0.87483,0.01253,0.05246,0.20804,0.10661,0.62037,0.00000
228.00000,0.55807,0.02018,0.22637,0.08916,0.19638,0.02180,0.05752,0.14289,0.56508,0.21271,1.00000
229.00000,1.06667,0.00049,0.00078,0.62083,0.95208,0.00000,0.00000,0.00000,0.09167,0.90833,0.00000
230.00000,2.16667,0.00014,0.00025,0.55769,0.90625,0.00000,0.00000,0.00000,0.03846,0.96154,0.00000
231.00000,1.29426,0.04155,0.67747,0.06133,0.13801,0.02341,0.07153,0.48826,0.33181,0.08499,1.00000
232.00000,1.69231,0.00054,0.00093,0.58392,0.88360,0.00000,0.00000,0.00000,0.03846,0.96154,0.00000
233.00000,0.84615,0.00029,0.00047,0.63287,0.95767,0.00000,0.00000,0.00000,0.08392,0.91608,0.00000
234.00000,4.50000,0.00029,0.00094,0.31076,0.56113,0.00000,0.00000,0.02778,0.29514,0.67708,0.00000
235.00000,2.00000,0.00015,0.00023,0.63194,0.93814,0.00000,0.00000,0.00000,0.05556,0.94444,0.00000
236.00000,1.01337,0.03338,0.46141,0.07235,0.14964,0.01046,0.05753,0.47952,0.36046,0.09203,1.00000
237.00000,1.78571,0.00066,0.00114,0.58286,0.90869,0.00000,0.00000,0.00000,0.06571,0.93429,0.00000
238.00000,0.78571,0.00030,0.00050,0.59091,0.96296,0.00000,0.00000,0.00000,0.10390,0.89610,0.00000
239.00000,5.83333,0.00029,0.00068,0.42381,0.76395,0.00000,0.00000,0.04286,0.09048,0.86667,0.00000
240.00000,3.20000,0.00014,0.00026,0.54375,0.82857,0.00000,0.00000,0.00000,0.00000,1.00000,0.00000
241.00000,0.19818,0.08804,0.12433,0.70814,0.92606,0.00000,0.00000,0.00301,0.02982,0.96717,0.00000
242.00000,0.73232,0.03809,0.37383,0.10189,0.19990,0.01907,0.05555,0.62317,0.16930,0.13292,1.00000
243.00000,1.84615,0.00068,0.00102,0.66827,0.94344,0.00000,0.00000,0.00000,0.05769,0.94231,0.00000
244.00000,0.17391,0.00041,0.00120,0.34511,0.66667,0.00000,0.00000,0.00000,0.00000,1.00000,0.00000
245.00000,4.62500,0.00032,0.00096,0.33108,0.61250,0.00000,0.00338,0.01014,0.19257,0.79392,0.00000
246.00000,1.38462,0.04533,0.68555,0.06613,0.13657,0.01968,0.06482,0.46091,0.34104,0.11354,1.00000
247.00000,1.46078,0.08149,0.79156,0.10295,0.11710,0.01958,0.06904,0.43085,0.35113,0.12940,1.00000
248.00000,2.93333,0.00118,0.00215,0.54848,0.71050,0.00000,0.01061,0.01970,0.15152,0.81818,0.00000
249.00000,2.06667,0.00102,0.00151,0.67204,0.95274,0.00000,0.00000,0.01505,0.17849,0.80645,0.00000
250.00000,0.80000,0.00036,0.00059,0.61944,0.95708,0.00000,0.00000,0.00000,0.20556,0.79444,0.00000
251.00000,1.30000,0.00024,0.00042,0.57692,0.89820,0.00000,0.00000,0.00000,0.05385,0.94615,0.00000
252.00000,0.96419,0.03457,0.41357,0.08360,0.16445,0.01209,0.05947,0.43303,0.39314,0.10226,1.00000
253.00000,0.12500,0.03124,0.05753,0.54301,0.93165,0.02654,0.04849,0.24672,0.09671,0.58154,0.00000
254.00000,2.00000,0.00084,0.00128,0.65689,0.93466,0.00000,0.00000,0.00000,0.13265,0.86735,0.00000
255.00000,2.66667,0.00076,0.00195,0.39000,0.53061,0.00167,0.00667,0.01333,0.13833,0.84000,0.00000
256.00000,0.78571,0.00032,0.00050,0.62987,0.93720,0.00000,0.00000,0.00000,0.11039,0.88961,0.00000
257.00000,0.92795,0.06953,0.63363,0.10973,0.13783,0.03959,0.06159,0.31240,0.42174,0.16468,1.00000
258.00000,0.09474,0.02912,0.04453,0.65402,0.88352,0.00000,0.00000,0.00563,0.06915,0.92522,0.00000
259.00000,0.80702,0.00297,0.00854,0.34802,0.66630,0.00000,0.00000,0.00000,0.05645,0.94355,0.00000
260.00000,0.21875,0.00262,0.00656,0.39881,0.62568,0.00000,0.00000,0.00347,0.05357,0.94296,0.00000
261.00000,2.40000,0.00156,0.00313,0.49948,0.72105,0.00000,0.00000,0.00104,0.02604,0.97292,0.00000
262.00000,0.08068,0.03765,0.04394,0.85697,0.92189,0.00000,0.00111,0.00570,0.06246,0.93073,0.00000
263.00000,0.71388,0.02170,0.28957,0.07495,0.17094,0.02611,0.04753,0.22052,0.56788,0.13796,1.00000
264.00000,0.07163,0.01788,0.02840,0.62957,0.81924,0.00000,0.00000,0.00837,0.08355,0.90808,0.00000
265.00000,0.24176,0.00415,0.00652,0.63686,0.81705,0.00000,0.00000,0.00000,0.03297,0.96703,0.00000
266.00000,2.68000,0.00218,0.00545,0.39940,0.73719,0.00000,0.00000,0.04836,0.10030,0.85134,0.00000
267.00000,0.30660,0.14996,0.17943,0.83575,0.98265,0.00000,0.00000,0.00058,0.06001,0.93940,0.00000
268.00000,0.18227,0.03846,0.09780,0.39324,0.60463,0.05043,0.02007,0.18866,0.26102,0.47983,0.00000
269.00000,0.68172,0.02173,0.43550,0.04990,0.13802,0.02910,0.02921,0.13092,0.55617,0.25460,1.00000
270.00000,3.06667,0.00114,0.00225,0.50870,0.80969,0.00000,0.00000,0.00000,0.26087,0.73913,0.00000
271.00000,0.27660,0.00083,0.00199,0.41899,0.65725,0.00000,0.00000,0.00491,0.02782,0.96727,0.00000
272.00000,0.35345,0.13146,0.13934,0.94344,0.97783,0.00000,0.00000,0.00107,0.00778,0.99115,0.00000
273.00000,0.17620,0.04676,0.10953,0.42689,0.48903,0.04704,0.02690,0.17703,0.22289,0.52614,0.00000
274.00000,0.33714,0.01286,0.13444,0.09564,0.21521,0.00075,0.01169,0.02169,0.55949,0.40637,1.00000
275.00000,1.47368,0.00471,0.00693,0.67928,0.89727,0.00000,0.00000,0.00000,0.04135,0.95865,0.00000
276.00000,1.20000,0.00160,0.00352,0.45463,0.81023,0.00000,0.00000,0.03796,0.09907,0.86296,0.00000
277.00000,0.27500,0.15724,0.17331,0.90728,0.97989,0.00000,0.00000,0.00299,0.01613,0.98088,0.00000
278.00000,0.41031,0.02300,0.26568,0.08656,0.19961,0.01294,0.03241,0.09106,0.66275,0.20085,1.00000
279.00000,0.33333,0.00268,0.00473,0.56646,0.75217,0.00000,0.00000,0.00138,0.02273,0.97590,0.00000
280.00000,2.72222,0.00141,0.00287,0.49150,0.88110,0.00000,0.00000,0.00000,0.31519,0.68481,0.00000
281.00000,0.94444,0.00132,0.00398,0.33211,0.64269,0.00000,0.00000,0.00000,0.00000,1.00000,0.00000
282.00000,1.93939,0.38944,0.68750,0.56646,0.61705,0.06568,0.20518,0.03486,0.02745,0.66683,0.00000
283.00000,2.62295,0.01749,0.03177,0.55046,0.62504,0.02889,0.01588,0.01004,0.03648,0.90871,0.00000
284.00000,1.38947,0.01514,0.16328,0.09270,0.09862,0.22869,0.58427,0.04482,0.02751,0.11471,1.00000
285.00000,1.00000,0.00271,0.01505,0.17993,0.30718,0.00000,0.00000,0.05212,0.60554,0.34234,0.00000
286.00000,0.80000,0.00035,0.00104,0.34063,0.86853,0.00000,0.00000,0.00000,0.04062,0.95938,0.00000
287.00000,1.61616,0.35943,0.82500,0.43567,0.58539,0.06221,0.10458,0.04465,0.19889,0.58967,0.00000
288.00000,1.30519,0.00881,0.10076,0.08744,0.09471,0.34070,0.46149,0.05460,0.03063,0.11259,1.00000
289.00000,1.69388,0.00519,0.01324,0.39194,0.58538,0.01033,0.01279,0.07819,0.09983,0.79887,0.00000
290.00000,6.46154,0.00180,0.00355,0.50733,0.85165,0.00000,0.00000,0.00000,0.00000,1.00000,0.00000
291.00000,1.25000,0.00011,0.00026,0.43125,0.80233,0.00000,0.00000,0.05000,0.20000,0.75000,0.00000
292.00000,1.96319,0.34647,0.67917,0.51013,0.63047,0.12596,0.18775,0.03044,0.01570,0.64016,0.00000
293.00000,0.63448,0.04045,0.04342,0.93156,0.97758,0.00090,0.00322,0.00570,0.01694,0.97324,0.00000
294.00000,3.27419,0.02995,0.04097,0.73113,0.82711,0.00000,0.01025,0.02860,0.11410,0.84705,0.00000
295.00000,1.39806,0.01784,0.19312,0.09237,0.09884,0.34913,0.47008,0.04121,0.02604,0.11354,1.00000
296.00000,2.54545,0.00111,0.01604,0.06950,0.36848,0.00000,0.00000,0.03369,0.77192,0.19440,0.00000
297.00000,1.93353,0.37120,0.68958,0.53830,0.62822,0.06858,0.13857,0.03649,0.08057,0.67579,0.00000
298.00000,1.44371,0.00919,0.10715,0.08573,0.08991,0.31764,0.50407,0.03402,0.03159,0.11267,1.00000
299.00000,6.17647,0.00370,0.00581,0.63613,0.83677,0.00000,0.00000,0.00000,0.00000,1.00000,0.00000
300.00000,1.12500,0.00011,0.00023,0.45139,0.84416,0.00000,0.00000,0.01389,0.18056,0.80556,0.00000
301.00000,1.40000,0.00003,0.00011,0.28571,0.64516,0.00000,0.00000,0.00000,0.00000,1.00000,0.00000
302.00000,1.70667,0.36257,0.78125,0.46409,0.60113,0.06985,0.10540,0.04282,0.17845,0.60349,0.00000
303.00000,1.33775,0.00839,0.09929,0.08450,0.09133,0.38840,0.41922,0.04885,0.03174,0.11180,1.00000
304.00000,1.60000,0.00654,0.01302,0.50200,0.72754,0.00600,0.01475,0.08400,0.10625,0.78900,0.00000
305.00000,6.16667,0.00028,0.00072,0.38288,0.75221,0.00000,0.00000,0.00000,0.00000,1.00000,0.00000
306.00000,0.77778,0.00020,0.00082,0.24206,0.51261,0.00000,0.00000,0.00000,0.35714,0.64286,0.00000
307.00000,1.95122,0.37843,0.68333,0.55380,0.63818,0.06007,0.16307,0.03980,0.05856,0.67850,0.00000
308.00000,1.29834,0.01236,0.13846,0.08926,0.09791,0.21921,0.58086,0.05621,0.03037,0.11334,1.00000
309.00000,1.66667,0.00717,0.01411,0.50830,0.67852,0.00000,0.00000,0.00300,0.02076,0.97624,0.00000
310.00000,2.12500,0.00022,0.00177,0.12224,0.38776,0.00000,0.00000,0.00000,0.05515,0.94485,0.00000
311.00000,2.57143,0.00015,0.00041,0.36111,0.65468,0.00000,0.00000,0.00000,0.03968,0.96032,0.00000
312.00000,1.88235,0.30432,0.70833,0.42963,0.54537,0.17308,0.16559,0.02836,0.02262,0.61035,0.00000
313.00000,0.97143,0.09077,0.09684,0.93733,0.97758,0.00010,0.00094,0.00333,0.01180,0.98383,0.00000
314.00000,1.28980,0.02366,0.25202,0.09388,0.10359,0.46234,0.35209,0.04221,0.02743,0.11593,1.00000
315.00000,1.00000,0.00004,0.00012,0.34722,0.86207,0.00000,0.00000,0.00000,0.27778,0.72222,0.00000
316.00000,2.00000,0.00002,0.00016,0.15000,0.50000,0.00000,0.00000,0.00000,0.26000,0.74000,0.00000
317.00000,1.80791,0.27799,0.73750,0.37694,0.47011,0.22005,0.23427,0.03614,0.01835,0.49118,0.00000
318.00000,0.45402,0.04207,0.04475,0.94024,0.97613,0.00342,0.00546,0.00764,0.01455,0.96894,0.00000
319.00000,1.44314,0.02979,0.30547,0.09753,0.10250,0.46263,0.37085,0.02739,0.02409,0.11504,1.00000
320.00000,1.14286,0.00138,0.00292,0.47210,0.77331,0.00000,0.03237,0.15402,0.15513,0.65848,0.00000
321.00000,1.39583,0.00120,0.01047,0.11458,0.25502,0.14303,0.13744,0.13371,0.19621,0.38961,0.00000
322.00000,1.19187,0.23449,0.76141,0.30797,0.53289,0.26584,0.24781,0.04569,0.04109,0.39956,0.00000
323.00000,0.07980,0.02952,0.04177,0.70675,0.92216,0.04169,0.05104,0.03694,0.06305,0.80728,0.00000
324.00000,0.99259,0.02633,0.52998,0.04968,0.12804,0.36828,0.34279,0.03882,0.02567,0.22443,1.00000
325.00000,0.34400,0.01136,0.01750,0.64940,0.82081,0.00000,0.00465,0.02512,0.18307,0.78716,0.00000
326.00000,0.11111,0.00544,0.01172,0.46417,0.86357,0.00000,0.00000,0.02806,0.26000,0.71194,0.00000
327.00000,0.74566,0.13366,0.29059,0.45996,0.63190,0.14940,0.19239,0.06824,0.05309,0.53688,0.00000
328.00000,0.08651,0.02989,0.04350,0.68728,0.84102,0.05119,0.04236,0.04393,0.07821,0.78431,0.00000
329.00000,0.69706,0.01673,0.26230,0.06379,0.15046,0.46485,0.37282,0.02911,0.02898,0.10423,1.00000
330.00000,0.39130,0.00050,0.00067,0.73671,0.89971,0.00000,0.00000,0.00000,0.02415,0.97585,0.00000
331.00000,0.03125,0.00021,0.00094,0.22743,0.46953,0.00000,0.00000,0.00000,0.00000,1.00000,0.00000
332.00000,1.02882,0.20873,0.40325,0.51762,0.69531,0.07860,0.12400,0.07715,0.08185,0.63840,0.00000
333.00000,0.60643,0.02961,0.12239,0.24189,0.42087,0.00380,0.18442,0.09293,0.11740,0.60145,0.00000
334.00000,0.55556,0.01512,0.21152,0.07148,0.16680,0.41051,0.40673,0.03156,0.03124,0.11996,1.00000
335.00000,0.90196,0.00575,0.00764,0.75320,0.88839,0.00000,0.07076,0.03026,0.06095,0.83802,0.00000
336.00000,1.34211,0.00517,0.00631,0.81966,0.96244,0.00000,0.04283,0.04025,0.04592,0.87100,0.00000
337.00000,0.86937,0.17982,0.55789,0.32231,0.50141,0.27228,0.25045,0.04551,0.03699,0.39477,0.00000
338.00000,0.97483,0.03279,0.60600,0.05411,0.13282,0.52627,0.31516,0.02777,0.02200,0.10880,1.00000
339.00000,1.13261,0.11202,0.78014,0.14359,0.28836,0.45996,0.27346,0.03666,0.02233,0.20759,0.00000
340.00000,1.27549,0.09034,0.88238,0.10238,0.12159,0.49241,0.26515,0.03580,0.02374,0.18291,1.00000
341.00000,1.12500,0.00035,0.00094,0.36806,0.88703,0.00000,0.00000,0.22222,0.27431,0.50347,0.00000
342.00000,1.25000,0.00003,0.00007,0.40000,0.84211,0.00000,0.00000,0.00000,0.50000,0.50000,0.00000
343.00000,0.33333,0.00001,0.00004,0.16667,0.66667,0.00000,0.00000,0.00000,0.41667,0.58333,0.00000
344.00000,0.09368,0.04395,0.05560,0.79054,0.90898,0.04836,0.04087,0.03285,0.05474,0.82319,0.00000
345.00000,0.43799,0.02556,0.20480,0.12483,0.25993,0.60659,0.19078,0.02562,0.03646,0.14054,0.00000
346.00000,0.03550,0.00361,0.01320,0.27379,0.49631,0.00000,0.43195,0.12919,0.09443,0.34443,0.00000
347.00000,0.33333,0.00009,0.00016,0.59375,0.96610,0.00000,0.00000,0.04167,0.08333,0.87500,0.00000
348.00000,5.50000,0.00004,0.00029,0.14205,0.40984,0.00000,0.00000,0.00000,0.28409,0.71591,0.00000
349.00000,0.86250,0.18698,0.64687,0.28905,0.55315,0.21987,0.29167,0.03199,0.07030,0.38617,0.00000
350.00000,0.16250,0.07290,0.12187,0.59816,0.95422,0.19367,0.09185,0.02273,0.04853,0.64322,0.00000
351.00000,0.87083,0.02924,0.65312,0.04477,0.16277,0.36987,0.33133,0.02901,0.04232,0.22747,1.00000
352.00000,1.00000,0.00000,0.00000,0.00000,0.00000,0.00000,0.00000,0.00000,0.00000,1.00000,0.00000
353.00000,1.00000,0.00000,0.00000,0.00000,0.00000,0.00000,0.00000,0.00000,0.00000,1.00000,0.00000
354.00000,1.15625,0.21281,0.86719,0.24540,0.45585,0.34265,0.28076,0.02760,0.04850,0.30049,0.00000
355.00000,0.15890,0.07227,0.11523,0.62712,0.94086,0.19048,0.10167,0.02757,0.06294,0.61734,0.00000
356.00000,0.88889,0.00881,0.01898,0.46399,0.91496,0.00000,0.00000,0.00000,0.78326,0.21674,0.00000
357.00000,1.00000,0.00000,0.00000,0.00000,0.00000,0.00000,0.00000,0.00000,1.00000,0.00000,0.00000
358.00000,1.01458,0.17196,0.76094,0.22598,0.45599,0.33851,0.31515,0.03505,0.03264,0.27865,0.00000
359.00000,1.31042,0.11950,0.98281,0.12159,0.16235,0.36121,0.29789,0.03413,0.02978,0.27699,1.00000
360.00000,1.25000,0.00025,0.00059,0.41944,0.90419,0.00000,0.03333,0.09444,0.39444,0.47778,0.00000
361.00000,1.00000,0.00001,0.00012,0.05556,0.16000,0.00000,0.00000,0.00000,1.00000,0.00000,0.00000
362.00000,0.21914,0.05604,0.07488,0.74837,0.90525,0.00000,0.00026,0.01313,0.38989,0.59672,0.00000
363.00000,0.25000,0.05068,0.06939,0.73039,0.92703,0.00901,0.02866,0.06441,0.38731,0.51060,0.00000
364.00000,1.50299,0.01714,0.13645,0.12564,0.13000,0.01899,0.08779,0.52551,0.22723,0.14047,1.00000
365.00000,0.05625,0.01300,0.01875,0.69323,0.89299,0.00156,0.12361,0.08767,0.06267,0.72448,0.00000
366.00000,0.45714,0.00807,0.01641,0.49206,0.73427,0.00000,0.00000,0.00000,1.00000,0.00000,0.00000
367.00000,0.43149,0.13010,0.16525,0.78730,0.95054,0.00000,0.00191,0.01206,0.28483,0.70121,0.00000
368.00000,1.50802,0.02118,0.17166,0.12335,0.12812,0.01820,0.08655,0.55351,0.20655,0.13519,1.00000
369.00000,0.40278,0.01087,0.02719,0.39972,0.65660,0.00156,0.02694,0.04310,0.92684,0.00156,0.00000
370.00000,1.17308,0.00231,0.01033,0.22415,0.48732,0.00000,0.00000,0.19704,0.43632,0.36665,0.00000
371.00000,2.12121,0.00175,0.00752,0.23268,0.42457,0.00866,0.07879,0.25931,0.46277,0.19048,0.00000
372.00000,0.83422,0.32357,0.37984,0.85185,0.96048,0.00000,0.00047,0.00524,0.16636,0.82793,0.00000
373.00000,1.23438,0.01349,0.14813,0.09107,0.18070,0.02327,0.09212,0.62289,0.15539,0.10632,1.00000
374.00000,0.96364,0.00258,0.00949,0.27204,0.49501,0.00000,0.00000,0.10017,0.47650,0.42333,0.00000
375.00000,1.32000,0.00131,0.00269,0.48606,0.70973,0.00000,0.03636,0.15152,0.37697,0.43515,0.00000
376.00000,0.46154,0.00094,0.00229,0.41168,0.80952,0.00000,0.00000,0.00997,0.56410,0.42593,0.00000
377.00000,0.97396,0.39539,0.46750,0.84576,0.98114,0.00000,0.00052,0.00572,0.16552,0.82824,0.00000
378.00000,0.91237,0.01193,0.11178,0.10669,0.20712,0.03998,0.11515,0.60545,0.11349,0.12592,1.00000
379.00000,1.03636,0.00274,0.01021,0.26890,0.51014,0.00000,0.00000,0.06826,0.52440,0.40734,0.00000
380.00000,1.34615,0.00126,0.00296,0.42582,0.64583,0.00330,0.04396,0.16923,0.40000,0.38352,0.00000
381.00000,0.47368,0.00083,0.00223,0.37135,0.75259,0.00000,0.00000,0.02778,0.60380,0.36842,0.00000
382.00000,0.60062,0.12002,0.20398,0.58840,0.78867,0.16785,0.10105,0.06720,0.07145,0.59245,0.00000
383.00000,0.23510,0.04939,0.06980,0.70768,0.93015,0.00849,0.02052,0.06935,0.38588,0.51576,0.00000
384.00000,1.08434,0.02096,0.02432,0.86178,0.95068,0.00000,0.10321,0.13119,0.21365,0.55194,0.00000
385.00000,1.29744,0.01385,0.16060,0.08626,0.17424,0.03312,0.09016,0.61867,0.16524,0.09281,1.00000
386.00000,0.37903,0.01124,0.01897,0.59248,0.88312,0.00343,0.01870,0.02505,0.94801,0.00480,0.00000
387.00000,1.36259,0.69341,0.83161,0.83381,0.96670,0.00843,0.00703,0.02386,0.13615,0.82453,0.00000
388.00000,0.54762,0.00124,0.00314,0.39493,0.80231,0.00000,0.00000,0.04762,0.55694,0.39545,0.00000
389.00000,0.66667,0.00087,0.00281,0.30903,0.58875,0.00000,0.00000,0.03588,0.56944,0.39468,0.00000
390.00000,3.37500,0.00026,0.00070,0.36806,0.65432,0.00000,0.00000,0.00463,0.99537,0.00000,0.00000
391.00000,2.33333,0.00014,0.00027,0.51190,0.82692,0.00000,0.00000,0.00000,0.00000,1.00000,0.00000
392.00000,1.50000,0.66374,0.85314,0.77799,0.80819,0.02759,0.11376,0.05042,0.03776,0.77047,0.00000
393.00000,2.80000,0.00009,0.00023,0.39286,0.84615,0.00000,0.00000,0.00000,0.12857,0.87143,0.00000
394.00000,2.60000,0.00007,0.00021,0.33846,0.75862,0.00000,0.04615,0.12308,0.53846,0.29231,0.00000
395.00000,0.62500,0.00005,0.00013,0.40000,0.76190,0.00000,0.00000,0.00000,0.60000,0.40000,0.00000
396.00000,0.30000,0.00001,0.00010,0.13333,0.50000,0.00000,0.00000,0.06667,0.93333,0.00000,0.00000
397.00000,0.63053,0.25289,0.41934,0.60307,0.71212,0.01993,0.07859,0.14138,0.14100,0.61911,0.00000
398.00000,0.49176,0.24779,0.28914,0.85698,0.98716,0.00815,0.03058,0.07810,0.23898,0.64420,0.00000
399.00000,3.61538,0.00889,0.01790,0.49645,0.77645,0.00000,0.01218,0.13275,0.67685,0.17821,0.00000
400.00000,0.09554,0.00658,0.00767,0.85839,0.97799,0.00000,0.00255,0.02760,0.16603,0.80382,0.00000
401.00000,0.32540,0.00630,0.01682,0.37466,0.57975,0.00445,0.12873,0.23480,0.34611,0.28591,0.00000
402.00000,1.88791,0.55836,0.70625,0.79060,0.84456,0.02495,0.08830,0.06569,0.06781,0.75324,0.00000
403.00000,2.15385,0.00217,0.00474,0.45845,0.69713,0.01717,0.02885,0.12706,0.53846,0.28846,0.00000
404.00000,1.50000,0.00174,0.00236,0.73829,0.92017,0.00000,0.00000,0.05096,0.20937,0.73967,0.00000
405.00000,1.81081,0.00128,0.00807,0.15853,0.32187,0.05728,0.15611,0.35296,0.26866,0.16499,0.00000
406.00000,1.48000,0.00125,0.00301,0.41622,0.81395,0.00865,0.03351,0.04324,0.91459,0.00000,0.00000
407.00000,1.37339,0.38236,0.97083,0.39385,0.58612,0.16433,0.18667,0.13618,0.17531,0.33752,0.00000
408.00000,0.16461,0.01644,0.03164,0.51965,0.68651,0.00154,0.25504,0.14342,0.09208,0.50792,0.00000
409.00000,1.07500,0.00797,0.02240,0.35596,0.52718,0.01497,0.11730,0.12631,0.58997,0.15145,0.00000
410.00000,1.42593,0.00688,0.01354,0.50806,0.65851,0.05748,0.03800,0.08586,0.27537,0.54329,0.00000
411.00000,0.35417,0.00540,0.01063,0.50797,0.70418,0.04350,0.09773,0.16422,0.29412,0.40043,0.00000
412.00000,1.38829,0.73602,0.96042,0.76635,0.83734,0.04984,0.05318,0.06000,0.06713,0.76985,0.00000
413.00000,0.19626,0.00431,0.00731,0.58879,0.87269,0.05429,0.10369,0.13351,0.11304,0.59546,0.00000
414.00000,1.54545,0.00027,0.00061,0.44118,0.82090,0.00000,0.00000,0.00535,0.99465,0.00000,0.00000
415.00000,4.66667,0.00005,0.00014,0.34524,0.80556,0.00000,0.00000,0.00000,0.42857,0.57143,0.00000
416.00000,1.00000,0.00004,0.00016,0.22449,0.61111,0.00000,0.02041,0.24490,0.59184,0.14286,0.00000
417.00000,0.56358,0.13213,0.21963,0.60159,0.90127,0.01881,0.06324,0.11101,0.33760,0.46933,0.00000
418.00000,1.14691,0.06693,0.56204,0.11908,0.18317,0.01599,0.06396,0.46525,0.36459,0.09021,1.00000
419.00000,0.29032,0.00247,0.00817,0.30247,0.86356,0.17005,0.22939,0.11111,0.14656,0.34289,0.00000
420.00000,0.47222,0.00111,0.00199,0.55882,0.86582,0.00000,0.10621,0.10948,0.44935,0.33497,0.00000
421.00000,0.38710,0.00084,0.00121,0.69489,0.95918,0.01882,0.05914,0.05914,0.11828,0.74462,0.00000
422.00000,1.12694,0.06644,0.54658,0.12155,0.18627,0.01633,0.06034,0.43909,0.39431,0.08993,1.00000
423.00000,0.27039,0.02916,0.04778,0.61019,0.97184,0.01206,0.11738,0.15103,0.19334,0.52619,0.00000
424.00000,0.65385,0.00081,0.00144,0.56448,0.81138,0.00000,0.00000,0.07466,0.92081,0.00452,0.00000
425.00000,3.25000,0.00077,0.00609,0.12634,0.64883,0.00000,0.00374,0.26549,0.65865,0.07212,0.00000
426.00000,0.88889,0.00060,0.00094,0.63542,0.95065,0.00000,0.00000,0.00000,0.39583,0.60417,0.00000
427.00000,0.37580,0.06964,0.12061,0.57740,0.82373,0.00345,0.01609,0.11541,0.43061,0.43444,0.00000
428.00000,1.50936,0.03329,0.35026,0.09505,0.18502,0.01012,0.03140,0.41933,0.44441,0.09474,1.00000
429.00000,0.85000,0.01167,0.01771,0.65882,0.90084,0.00000,0.00000,0.00000,0.98971,0.01029,0.00000
430.00000,0.35484,0.00186,0.00444,0.41862,0.75479,0.00000,0.01100,0.12683,0.53812,0.32405,0.00000
431.00000,0.20779,0.00174,0.00401,0.43344,0.78070,0.00162,0.00974,0.01299,0.54627,0.42938,0.00000
432.00000,1.00701,0.05032,0.60048,0.08380,0.12965,0.00688,0.05430,0.27130,0.51891,0.14861,1.00000
433.00000,0.51000,0.02607,0.06641,0.39257,0.63532,0.00485,0.03799,0.11863,0.21534,0.62319,0.00000
434.00000,1.73333,0.00081,0.00127,0.63846,0.93785,0.00000,0.00000,0.00769,0.07436,0.91795,0.00000
435.00000,2.46667,0.00052,0.00181,0.28739,0.50000,0.00000,0.00541,0.14775,0.17477,0.67207,0.00000
436.00000,2.57143,0.00019,0.00041,0.46032,0.87879,0.00000,0.00000,0.00000,0.02381,0.97619,0.00000
437.00000,1.03683,0.03595,0.42057,0.08548,0.18835,0.00475,0.03965,0.23417,0.62016,0.10127,1.00000
438.00000,1.56250,0.00077,0.00130,0.59000,0.92549,0.00000,0.00000,0.02000,0.10500,0.87500,0.00000
439.00000,1.78947,0.00067,0.00210,0.31889,0.53576,0.00000,0.00464,0.10991,0.16409,0.72136,0.00000
440.00000,0.76923,0.00024,0.00042,0.56923,0.88095,0.00000,0.00000,0.00000,0.15385,0.84615,0.00000
441.00000,1.42857,0.00011,0.00023,0.49286,0.89610,0.00000,0.00000,0.02857,0.18571,0.78571,0.00000
442.00000,0.37091,0.05090,0.09131,0.55742,0.87169,0.00542,0.02403,0.08100,0.11886,0.77070,0.00000
443.00000,0.36321,0.03377,0.21255,0.15888,0.91032,0.00357,0.05938,0.25766,0.46851,0.21089,0.00000
444.00000,0.49237,0.02028,0.33768,0.06004,0.15320,0.01557,0.04041,0.12051,0.56200,0.26152,1.00000
445.00000,1.00000,0.00042,0.00064,0.65561,0.96617,0.00000,0.00000,0.00000,0.03061,0.96939,0.00000
446.00000,1.57143,0.00011,0.00025,0.44156,0.85000,0.00000,0.00000,0.00000,0.10390,0.89610,0.00000
447.00000,0.22436,0.05066,0.07109,0.71252,0.90303,0.00050,0.00962,0.01923,0.04789,0.92276,0.00000
448.00000,0.26316,0.03996,0.06061,0.65924,0.90490,0.00000,0.00156,0.01950,0.05274,0.92621,0.00000
449.00000,1.01754,0.00495,0.01076,0.45977,0.79853,0.00121,0.04628,0.01361,0.01785,0.92105,0.00000
450.00000,1.20000,0.00027,0.00039,0.68333,0.94253,0.00000,0.00000,0.00833,0.35833,0.63333,0.00000
451.00000,0.84416,0.07311,0.58652,0.12464,0.15845,0.01040,0.04965,0.14031,0.58746,0.21218,1.00000
452.00000,0.26316,0.03996,0.06061,0.65924,0.90490,0.00000,0.00156,0.01950,0.05274,0.92621,0.00000
453.00000,1.01754,0.00495,0.01076,0.45977,0.79853,0.00121,0.04628,0.01361,0.01785,0.92105,0.00000
454.00000,1.20000,0.00027,0.00039,0.68333,0.94253,0.00000,0.00000,0.00833,0.35833,0.63333,0.00000
455.00000,0.60000,0.00026,0.00044,0.59259,0.93023,0.05185,0.24444,0.34815,0.35556,0.00000,0.00000
456.00000,0.58273,0.07002,0.14660,0.47765,0.80945,0.01079,0.10372,0.07594,0.07081,0.73874,0.00000
457.00000,0.53191,0.05739,0.13770,0.41676,0.91913,0.00865,0.08021,0.07626,0.14910,0.68577,0.00000
458.00000,0.60000,0.05498,0.14238,0.38612,0.66919,0.02151,0.21337,0.10508,0.15505,0.50498,0.00000
459.00000,1.77027,0.01969,0.03156,0.62399,0.88754,0.00000,0.00000,0.00000,0.00402,0.99598,0.00000
460.00000,0.25210,0.01839,0.10459,0.17580,0.30180,0.00000,0.01594,0.06552,0.40763,0.51092,0.00000
461.00000,1.43177,0.38083,0.93125,0.40895,0.61894,0.05541,0.12899,0.05957,0.17788,0.57815,0.00000
462.00000,1.22979,0.02137,0.22108,0.09667,0.14424,0.20714,0.42940,0.09406,0.09968,0.16971,1.00000
463.00000,1.53704,0.00775,0.01459,0.53135,0.85038,0.00000,0.00000,0.03614,0.24855,0.71531,0.00000
464.00000,0.63158,0.00128,0.00297,0.43147,0.71416,0.07566,0.07785,0.15351,0.44408,0.24890,0.00000
465.00000,7.55556,0.00091,0.00199,0.45670,0.68927,0.00000,0.00000,0.00000,0.00000,1.00000,0.00000
466.00000,1.69169,0.33126,0.76616,0.43237,0.68913,0.06739,0.16414,0.07514,0.09465,0.59869,0.00000
467.00000,3.64000,0.01576,0.02962,0.53192,0.85416,0.00000,0.00000,0.13703,0.27088,0.59209,0.00000
468.00000,1.34615,0.01433,0.14515,0.09876,0.20410,0.21462,0.54929,0.05965,0.02799,0.14844,1.00000
469.00000,0.47436,0.00647,0.00939,0.68902,0.95716,0.00000,0.09598,0.07277,0.07970,0.75156,0.00000
470.00000,0.61905,0.00156,0.00355,0.43910,0.77214,0.03205,0.14103,0.18040,0.37821,0.26832,0.00000
471.00000,0.44968,0.03753,0.31924,0.11755,0.23965,0.01329,0.05181,0.08259,0.60668,0.24563,1.00000
472.00000,0.43678,0.02671,0.04305,0.62058,0.89870,0.00023,0.01338,0.06791,0.11109,0.80740,0.00000
473.00000,1.00000,0.00081,0.00105,0.76389,0.99000,0.00000,0.00000,0.00000,0.19753,0.80247,0.00000
474.00000,1.50000,0.00032,0.00049,0.66333,0.91705,0.00000,0.00000,0.06667,0.28000,0.65333,0.00000
475.00000,1.44444,0.00025,0.00038,0.66667,0.96296,0.00000,0.00000,0.05983,0.53846,0.40171,0.00000
476.00000,0.79138,0.03779,0.50101,0.07543,0.18103,0.01590,0.05716,0.37140,0.47081,0.08473,1.00000
477.00000,0.39200,0.00857,0.01994,0.42996,0.94306,0.00000,0.02465,0.52016,0.05078,0.40441,0.00000
478.00000,1.06667,0.00410,0.00703,0.58287,0.86559,0.00000,0.00000,0.00000,0.00046,0.99954,0.00000
479.00000,0.22368,0.00210,0.00421,0.50000,0.80902,0.00000,0.01548,0.11068,0.12229,0.75155,0.00000
480.00000,0.82353,0.00057,0.00077,0.73739,0.97500,0.00000,0.00000,0.01261,0.30252,0.68487,0.00000
481.00000,0.65848,0.03861,0.35507,0.10874,0.21746,0.02102,0.07260,0.61581,0.17052,0.12004,1.00000
482.00000,1.03125,0.00210,0.00344,0.60985,0.86559,0.00000,0.00095,0.02652,0.22822,0.74432,0.00000
483.00000,0.87500,0.00055,0.00073,0.74777,0.97384,0.00000,0.00000,0.00446,0.28571,0.70982,0.00000
484.00000,0.22500,0.00054,0.00117,0.46389,0.86305,0.00000,0.00000,0.00000,0.00000,1.00000,0.00000
485.00000,0.34483,0.00046,0.00094,0.48966,0.87385,0.00000,0.00000,0.00000,0.11724,0.88276,0.00000
486.00000,0.66093,0.03864,0.35639,0.10842,0.21685,0.01970,0.07349,0.61547,0.17161,0.11973,1.00000
487.00000,1.06452,0.00201,0.00333,0.60411,0.86737,0.00000,0.00098,0.02346,0.22776,0.74780,0.00000
488.00000,0.30435,0.00086,0.00210,0.40994,0.84480,0.00000,0.00000,0.00000,0.01087,0.98913,0.00000
489.00000,0.24390,0.00058,0.00133,0.43415,0.84161,0.00000,0.00000,0.00000,0.00000,1.00000,0.00000
490.00000,0.81250,0.00052,0.00068,0.76442,0.98148,0.00000,0.00000,0.00000,0.25000,0.75000,0.00000
491.00000,1.22418,0.07626,0.82498,0.09244,0.13224,0.01645,0.06522,0.51496,0.29927,0.10410,1.00000
492.00000,1.07143,0.00163,0.00273,0.59464,0.85678,0.00000,0.00000,0.00833,0.20238,0.78929,0.00000
493.00000,0.87500,0.00053,0.00073,0.72768,0.96450,0.00000,0.00000,0.00893,0.34821,0.64286,0.00000
494.00000,1.75000,0.00027,0.00036,0.73661,0.97059,0.00000,0.00000,0.12500,0.30357,0.57143,0.00000
495.00000,1.00000,0.00024,0.00047,0.52083,0.89286,0.07639,0.11111,0.41667,0.39583,0.00000,0.00000
496.00000,0.40514,0.06640,0.12756,0.52052,0.90013,0.02710,0.06270,0.03700,0.06268,0.81052,0.00000
497.00000,0.38494,0.04424,0.07158,0.61804,0.95131,0.03875,0.09160,0.02811,0.03156,0.80999,0.00000
498.00000,1.30137,0.03376,0.36120,0.09348,0.19329,0.01035,0.04045,0.49271,0.36070,0.09580,1.00000
499.00000,0.48276,0.00061,0.00132,0.46305,0.84494,0.07635,0.07389,0.07882,0.09852,0.67241,0.00000
500.00000,1.50000,0.00023,0.00031,0.73958,0.97931,0.00000,0.00000,0.04167,0.53125,0.42708,0.00000
501.00000,1.01477,0.08787,0.74217,0.11839,0.15845,0.03951,0.04594,0.32040,0.44032,0.15383,1.00000
502.00000,0.18266,0.04000,0.06203,0.64475,0.85303,0.00000,0.00000,0.00331,0.02104,0.97565,0.00000
503.00000,0.74359,0.00175,0.00368,0.47657,0.71061,0.00000,0.00000,0.00000,0.00000,1.00000,0.00000
504.00000,2.22727,0.00172,0.00351,0.49026,0.90188,0.00000,0.00000,0.00000,0.54731,0.45269,0.00000
505.00000,2.55556,0.00162,0.00270,0.60266,0.91308,0.00000,0.00000,0.00000,0.40580,0.59420,0.00000
506.00000,0.32840,0.07967,0.12213,0.65237,0.89739,0.00000,0.00000,0.00168,0.03945,0.95887,0.00000
507.00000,0.30491,0.04727,0.14865,0.31802,0.92101,0.02448,0.06622,0.35122,0.21252,0.34555,0.00000
508.00000,0.46117,0.02465,0.25482,0.09675,0.21062,0.01658,0.03558,0.16063,0.56396,0.22325,1.00000
509.00000,1.84615,0.00184,0.00406,0.45353,0.90705,0.00000,0.00000,0.00000,0.58093,0.41907,0.00000
510.00000,2.00000,0.00174,0.00344,0.50614,0.88076,0.00000,0.00000,0.00000,0.50851,0.49149,0.00000
511.00000,1.51659,0.36201,0.87917,0.41177,0.58534,0.07593,0.15835,0.05841,0.15022,0.55708,0.00000
512.00000,1.16260,0.02202,0.22902,0.09613,0.14142,0.18668,0.46656,0.08424,0.07779,0.18473,1.00000
513.00000,1.98214,0.01984,0.08094,0.24513,0.36990,0.00004,0.00322,0.12593,0.32332,0.54750,0.00000
514.00000,1.50000,0.00076,0.00158,0.47840,0.85478,0.00000,0.00000,0.00000,0.04321,0.95679,0.00000
515.00000,2.76923,0.00075,0.00152,0.49145,0.87786,0.00000,0.00000,0.00000,0.00000,1.00000,0.00000
516.00000,1.13350,0.26163,0.62632,0.41773,0.62193,0.16425,0.20776,0.08516,0.05588,0.48695,0.00000
517.00000,1.07494,0.04804,0.52406,0.09168,0.13833,0.30018,0.34325,0.09530,0.03421,0.22706,1.00000
518.00000,0.29289,0.02757,0.05446,0.50619,0.91929,0.09378,0.26850,0.03007,0.05075,0.55690,0.00000
519.00000,2.70000,0.00044,0.00088,0.50370,0.86349,0.00000,0.01852,0.11481,0.20741,0.65926,0.00000
520.00000,1.18182,0.00035,0.00047,0.75175,0.95133,0.00000,0.00000,0.04895,0.15385,0.79720,0.00000
521.00000,1.30392,0.33068,0.70656,0.46802,0.67986,0.07070,0.11411,0.08454,0.11468,0.61597,0.00000
522.00000,0.68563,0.02087,0.24898,0.08384,0.19255,0.36058,0.36262,0.06259,0.02663,0.18759,1.00000
523.00000,1.43182,0.00546,0.00902,0.60552,0.83300,0.00361,0.04798,0.11039,0.28608,0.55195,0.00000
524.00000,0.42466,0.00542,0.00737,0.73619,0.94471,0.00000,0.11445,0.07291,0.08749,0.72514,0.00000
525.00000,1.12500,0.00088,0.00211,0.41667,0.66258,0.00000,0.00772,0.20062,0.38272,0.40895,0.00000
526.00000,0.75854,0.18665,0.47587,0.39222,0.56624,0.29022,0.25362,0.06553,0.03989,0.35075,0.00000
527.00000,0.34817,0.11521,0.16538,0.69661,0.95955,0.14986,0.03533,0.05993,0.09463,0.66024,0.00000
528.00000,0.38424,0.04241,0.20617,0.20569,0.34342,0.55259,0.15427,0.04192,0.06221,0.18901,0.00000
529.00000,0.78947,0.00055,0.00093,0.59123,0.83005,0.00000,0.00000,0.00000,1.00000,0.00000,0.00000
530.00000,1.09091,0.00029,0.00043,0.67045,0.93651,0.00000,0.00000,0.01515,0.98485,0.00000,0.00000
531.00000,0.44570,0.10265,0.28344,0.36217,0.46976,0.17897,0.22547,0.07590,0.06396,0.45569,0.00000
532.00000,0.58057,0.04635,0.33656,0.13772,0.24819,0.67750,0.11831,0.02665,0.02766,0.14988,0.00000
533.00000,0.24906,0.02827,0.05693,0.49663,0.94929,0.18593,0.05077,0.05220,0.17965,0.53145,0.00000
534.00000,0.46189,0.02381,0.28190,0.08447,0.18583,0.35252,0.35162,0.04035,0.03821,0.21731,1.00000
535.00000,1.80000,0.00003,0.00015,0.23333,0.53846,0.00000,0.00000,0.00000,0.17778,0.82222,0.00000
536.00000,0.71467,0.20145,0.31505,0.63942,0.85526,0.04687,0.12768,0.08159,0.03446,0.70940,0.00000
537.00000,1.25852,0.03812,0.50760,0.07509,0.16300,0.63845,0.17479,0.02542,0.02383,0.13751,1.00000
538.00000,1.98765,0.00557,0.04245,0.13128,0.78658,0.38364,0.02109,0.36600,0.05828,0.17100,0.00000
539.00000,0.88889,0.00012,0.00023,0.50694,0.92405,0.00000,0.00000,0.09722,0.20833,0.69444,0.00000
540.00000,2.25000,0.00005,0.00012,0.40278,0.87879,0.00000,0.00000,0.00000,0.00000,1.00000,0.00000
541.00000,1.50450,0.05906,0.54308,0.10875,0.11697,0.03139,0.08202,0.56337,0.19561,0.12761,1.00000
542.00000,2.19048,0.00102,0.00314,0.32557,0.54131,0.00000,0.04348,0.12940,0.30331,0.52381,0.00000
543.00000,1.71429,0.00069,0.00109,0.62798,0.89597,0.00000,0.00000,0.05655,0.14583,0.79762,0.00000
544.00000,6.37500,0.00067,0.00133,0.50490,0.79383,0.00000,0.00000,0.00000,0.27941,0.72059,0.00000
545.00000,0.73333,0.00035,0.00054,0.64242,0.96364,0.00000,0.00000,0.00000,0.15152,0.84848,0.00000
546.00000,1.29129,0.03350,0.46611,0.07186,0.14957,0.03113,0.07054,0.64399,0.16497,0.08937,1.00000
547.00000,0.20076,0.02181,0.04555,0.47877,0.73149,0.00000,0.00000,0.00329,0.18689,0.80982,0.00000
548.00000,0.11397,0.00886,0.02745,0.32288,0.59691,0.00000,0.00095,0.00700,0.04685,0.94521,0.00000
549.00000,0.34568,0.00401,0.00738,0.54365,0.90963,0.00000,0.00000,0.00485,0.10891,0.88624,0.00000
550.00000,0.66667,0.00288,0.00564,0.51096,0.83232,0.00000,0.00000,0.00000,0.09285,0.90715,0.00000
551.00000,0.39637,0.15712,0.19225,0.81727,0.89055,0.00000,0.00007,0.00393,0.07721,0.91879,0.00000
552.00000,1.08615,0.02973,0.37345,0.07962,0.16601,0.04379,0.08114,0.64434,0.13143,0.09930,1.00000
553.00000,0.34483,0.00128,0.00378,0.33966,0.59970,0.00000,0.00000,0.02845,0.31466,0.65690,0.00000
554.00000,2.75000,0.00090,0.00229,0.39062,0.60506,0.00000,0.00142,0.09091,0.29688,0.61080,0.00000
555.00000,4.77778,0.00066,0.00126,0.52713,0.80792,0.00000,0.00000,0.00000,0.27132,0.72868,0.00000
556.00000,0.72351,0.28595,0.35273,0.81066,0.91210,0.00000,0.00060,0.00879,0.12405,0.86656,0.00000
557.00000,0.78899,0.02629,0.27463,0.09573,0.19860,0.06202,0.10501,0.57100,0.13995,0.12203,1.00000
558.00000,2.25000,0.00107,0.00293,0.36389,0.57105,0.00000,0.03000,0.13667,0.29111,0.54222,0.00000
559.00000,5.37500,0.00067,0.00112,0.59738,0.86345,0.00000,0.00000,0.00000,0.22965,0.77035,0.00000
560.00000,2.00000,0.00066,0.00110,0.59763,0.86510,0.00000,0.00000,0.10059,0.13609,0.76331,0.00000
561.00000,0.65000,0.43492,0.48750,0.89215,0.96584,0.00000,0.00002,0.00232,0.07120,0.92646,0.00000
562.00000,0.56716,0.02450,0.20719,0.11823,0.22883,0.05994,0.09406,0.54132,0.15964,0.14504,1.00000
563.00000,0.29630,0.00107,0.00281,0.38079,0.66197,0.00000,0.00000,0.00000,0.27431,0.72569,0.00000
564.00000,2.78571,0.00097,0.00178,0.54487,0.72738,0.00000,0.00183,0.03480,0.15018,0.81319,0.00000
565.00000,1.80000,0.00077,0.00132,0.58148,0.88202,0.00000,0.00000,0.06173,0.18519,0.75309,0.00000
566.00000,1.01250,0.66625,0.75938,0.87737,0.94424,0.00000,0.00318,0.02037,0.07374,0.90270,0.00000
567.00000,0.02545,0.00271,0.00627,0.43221,0.75056,0.01143,0.04416,0.08623,0.27896,0.57922,0.00000
568.00000,0.39394,0.00236,0.00559,0.42337,0.69323,0.00000,0.00000,0.00758,0.27972,0.71270,0.00000
569.00000,6.25000,0.00074,0.00130,0.56875,0.82878,0.00000,0.00000,0.00000,0.21500,0.78500,0.00000
570.00000,0.68571,0.00056,0.00273,0.20476,0.58404,0.00000,0.00000,0.06190,0.48690,0.45119,0.00000
571.00000,1.16667,0.74483,0.87500,0.85123,0.95178,0.00000,0.00159,0.02714,0.09913,0.87214,0.00000
572.00000,0.42857,0.00094,0.00171,0.54762,0.79201,0.00000,0.00000,0.00000,0.08190,0.91810,0.00000
573.00000,1.33333,0.00050,0.00098,0.51333,0.81698,0.00000,0.00000,0.00000,0.21667,0.78333,0.00000
574.00000,1.00000,0.00003,0.00008,0.40000,0.86957,0.00000,0.00000,0.00000,0.04000,0.96000,0.00000
575.00000,0.25000,0.00001,0.00005,0.25000,0.80000,0.00000,0.00000,0.00000,0.00000,1.00000,0.00000
576.00000,1.50760,0.05805,0.53120,0.10928,0.11449,0.03234,0.08369,0.56828,0.18694,0.12875,1.00000
577.00000,2.25000,0.00087,0.00187,0.46528,0.66337,0.00000,0.01910,0.11979,0.19271,0.66840,0.00000
578.00000,1.85714,0.00072,0.00118,0.60440,0.88176,0.00000,0.00000,0.07692,0.17033,0.75275,0.00000
579.00000,0.80000,0.00035,0.00059,0.58889,0.94222,0.00000,0.00000,0.00000,0.21111,0.78889,0.00000
580.00000,1.09091,0.00021,0.00043,0.48485,0.89510,0.00000,0.00000,0.00000,0.10606,0.89394,0.00000
581.00000,1.31481,0.03557,0.44930,0.07916,0.15190,0.02712,0.08469,0.61961,0.17020,0.09838,1.00000
582.00000,0.18750,0.02279,0.03516,0.64819,0.90592,0.00380,0.01194,0.02324,0.10852,0.85250,0.00000
583.00000,3.57143,0.00084,0.00228,0.36786,0.54613,0.00000,0.02143,0.05571,0.27571,0.64714,0.00000
584.00000,1.92857,0.00075,0.00123,0.61111,0.88506,0.00000,0.00000,0.09259,0.14815,0.75926,0.00000
585.00000,0.80000,0.00033,0.00059,0.56389,0.93981,0.00000,0.00000,0.00000,0.22222,0.77778,0.00000
586.00000,1.41000,0.03272,0.41309,0.07921,0.15387,0.02652,0.07191,0.64548,0.15952,0.09656,1.00000
587.00000,0.22222,0.02239,0.03375,0.66329,0.92062,0.03337,0.01968,0.03926,0.10079,0.80691,0.00000
588.00000,3.28571,0.00034,0.00052,0.64286,0.87342,0.00000,0.00000,0.01863,0.11180,0.86957,0.00000
589.00000,0.78571,0.00033,0.00050,0.66234,0.96226,0.00000,0.00000,0.00000,0.14935,0.85065,0.00000
590.00000,5.28571,0.00028,0.00084,0.33591,0.59589,0.00000,0.06178,0.06564,0.25097,0.62162,0.00000
591.00000,0.34491,0.11172,0.20953,0.53319,0.75893,0.00684,0.05347,0.06219,0.24021,0.63729,0.00000
592.00000,1.02167,0.03027,0.34697,0.08725,0.16951,0.01950,0.07631,0.64733,0.15535,0.10150,1.00000
593.00000,0.12917,0.01220,0.02422,0.50356,0.90550,0.00000,0.22151,0.06237,0.05403,0.66210,0.00000
594.00000,1.00000,0.00060,0.00144,0.41837,0.67091,0.00000,0.00000,0.00000,0.29252,0.70748,0.00000
595.00000,0.85714,0.00034,0.00055,0.61905,0.94545,0.00000,0.00000,0.00000,0.16667,0.83333,0.00000
596.00000,0.38642,0.10384,0.18452,0.56277,0.76347,0.01447,0.06529,0.07305,0.21380,0.63339,0.00000
597.00000,0.89697,0.02895,0.31797,0.09105,0.17682,0.02343,0.07525,0.65764,0.13866,0.10503,1.00000
598.00000,0.28994,0.02160,0.02696,0.80147,0.96615,0.00326,0.10301,0.04070,0.02681,0.82623,0.00000
599.00000,0.13131,0.00151,0.00419,0.35936,0.79399,0.10800,0.20047,0.11888,0.16939,0.40326,0.00000
600.00000,1.44444,0.00078,0.00152,0.51496,0.90602,0.04915,0.07051,0.16880,0.14316,0.56838,0.00000
601.00000,0.44099,0.09115,0.14884,0.61239,0.74110,0.01153,0.05603,0.08129,0.18131,0.66985,0.00000
602.00000,0.86667,0.02890,0.30723,0.09407,0.18106,0.02337,0.06951,0.67005,0.12832,0.10875,1.00000
603.00000,0.44248,0.01551,0.01839,0.84354,0.94855,0.00000,0.03805,0.06496,0.02673,0.87027,0.00000
604.00000,6.28571,0.00285,0.00902,0.31620,0.43423,0.01227,0.03788,0.14971,0.31205,0.48810,0.00000
605.00000,0.10345,0.00130,0.00255,0.51022,0.85000,0.00000,0.08557,0.12388,0.22350,0.56705,0.00000
606.00000,0.82212,0.09551,0.11578,0.82494,0.91429,0.01636,0.10127,0.02809,0.01501,0.83927,0.00000
607.00000,0.35065,0.09349,0.16919,0.55257,0.75908,0.00856,0.05599,0.06928,0.24418,0.62199,0.00000
608.00000,0.56119,0.02570,0.20501,0.12536,0.23316,0.00711,0.05961,0.67480,0.11807,0.14041,1.00000
609.00000,1.41176,0.00219,0.00531,0.41299,0.61920,0.01838,0.07230,0.21752,0.19485,0.49694,0.00000
610.00000,0.09890,0.00110,0.00267,0.41148,0.80238,0.02320,0.15507,0.13309,0.21123,0.47741,0.00000
611.00000,1.40432,0.03628,0.47988,0.07560,0.14435,0.03482,0.09059,0.60548,0.17523,0.09387,1.00000
612.00000,0.07285,0.00277,0.00541,0.51204,0.89385,0.07345,0.04636,0.04937,0.11981,0.71102,0.00000
613.00000,1.78571,0.00072,0.00114,0.62857,0.90164,0.00000,0.00000,0.07429,0.14571,0.78000,0.00000
614.00000,3.16667,0.00054,0.00148,0.36075,0.52724,0.00000,0.02851,0.04167,0.12281,0.80702,0.00000
615.00000,0.66667,0.00032,0.00049,0.65333,0.95610,0.00000,0.00000,0.00000,0.14667,0.85333,0.00000
616.00000,1.48936,0.05860,0.52477,0.11166,0.11659,0.03223,0.08101,0.57171,0.18357,0.13149,1.00000
617.00000,0.71698,0.00153,0.00656,0.23287,0.62701,0.00000,0.00000,0.40169,0.20953,0.38878,0.00000
618.00000,2.64706,0.00083,0.00249,0.33464,0.54410,0.00000,0.01569,0.11111,0.29281,0.58039,0.00000
619.00000,1.84615,0.00063,0.00102,0.62500,0.89245,0.00000,0.00000,0.07051,0.15705,0.77244,0.00000
620.00000,5.71429,0.00050,0.00091,0.55179,0.81746,0.00000,0.00000,0.00000,0.26429,0.73571,0.00000
621.00000,1.49555,0.05949,0.55289,0.10759,0.11736,0.02862,0.08213,0.56602,0.19634,0.12690,1.00000
622.00000,1.37500,0.00183,0.00458,0.39986,0.65809,0.00000,0.00000,0.14702,0.30753,0.54545,0.00000
623.00000,5.44444,0.00077,0.00144,0.53628,0.81132,0.00000,0.00000,0.00000,0.25850,0.74150,0.00000
624.00000,0.80000,0.00037,0.00059,0.63611,0.96218,0.00000,0.00000,0.00000,0.15000,0.85000,0.00000
625.00000,0.80000,0.00028,0.00059,0.47222,0.74561,0.00000,0.00000,0.00000,0.17778,0.82222,0.00000
626.00000,2.28700,0.04469,0.37021,0.12070,0.13151,0.02871,0.02946,0.68787,0.11616,0.13780,1.00000
